{
  "model_type": "XGBoost",
  "best_params": {
    "max_depth": 5,
    "learning_rate": 0.2536999076681772,
    "n_estimators": 750,
    "subsample": 0.8394633936788146,
    "colsample_bytree": 0.6624074561769746,
    "reg_alpha": 1.5599452033620265,
    "reg_lambda": 0.5808361216819946,
    "min_child_weight": 9
  },
  "metrics": {
    "accuracy": 0.36666666666666664,
    "f1_macro": 0.17886178861788618,
    "f1_weighted": 0.1967479674796748,
    "precision": 0.12222222222222222,
    "recall": 0.3333333333333333,
    "confusion_matrix": [
      [
        0,
        13,
        0
      ],
      [
        0,
        11,
        0
      ],
      [
        0,
        6,
        0
      ]
    ],
    "classification_report": {
      "0": {
        "precision": 0.0,
        "recall": 0.0,
        "f1-score": 0.0,
        "support": 13.0
      },
      "1": {
        "precision": 0.36666666666666664,
        "recall": 1.0,
        "f1-score": 0.5365853658536586,
        "support": 11.0
      },
      "2": {
        "precision": 0.0,
        "recall": 0.0,
        "f1-score": 0.0,
        "support": 6.0
      },
      "accuracy": 0.36666666666666664,
      "macro avg": {
        "precision": 0.12222222222222222,
        "recall": 0.3333333333333333,
        "f1-score": 0.17886178861788618,
        "support": 30.0
      },
      "weighted avg": {
        "precision": 0.13444444444444445,
        "recall": 0.36666666666666664,
        "f1-score": 0.1967479674796748,
        "support": 30.0
      }
    }
  },
  "feature_count": 36,
  "training_date": "2025-07-14T15:37:01.143487"
}